﻿{
    "errCode": 0,
    "errMsg": "",
    "costTime": 72,
    "page": 1,
    "pageSize": 10,
    "data1": [
    {
    "kind": 2,
    "induId": 1521000000,
    "induCode": "210000",
    "induName": "采掘",
    "endDt": "2017-09-30 00:00:00",
    "pe": -1607.468,
    "peTtm": 71.6426,
    "ids": "210000_2017-09-30"
    },
    {
    "kind": 2,
    "induId": 1548000000,
    "induCode": "480000",
    "induName": "银行",
    "endDt": "2017-09-30 00:00:00",
    "pe": 6.9427,
    "peTtm": 6.8887,
    "ids": "480000_2017-09-30"
    },
    {
    "kind": 2,
    "induId": 1535000000,
    "induCode": "350000",
    "induName": "纺织服装",
    "endDt": "2017-09-30 00:00:00",
    "pe": 11.9764,
    "peTtm": 11.7599,
    "ids": "350000_2017-09-30"
    },
    {
    "kind": 2,
    "induId": 1551000000,
    "induCode": "510000",
    "induName": "综合",
    "endDt": "2017-09-30 00:00:00",
    "pe": 12.3591,
    "peTtm": 12.0935,
    "ids": "510000_2017-09-30"
    },
    {
    "kind": 2,
    "induId": 1546000000,
    "induCode": "460000",
    "induName": "餐饮旅游",
    "endDt": "2017-09-30 00:00:00",
    "pe": 14.072,
    "peTtm": 13.777,
    "ids": "460000_2017-09-30"
    }
    ],
    "data2": [
    {
    "kind": 2,
    "induId": 1521000000,
    "induCode": "210000",
    "induName": "采掘",
    "endDt": "2017-06-30 00:00:00",
    "pe": -155.7972,
    "peTtm": -329.5183,
    "ids": "210000_2017-06-30"
    },
    {
    "kind": 2,
    "induId": 1523000000,
    "induCode": "230000",
    "induName": "黑色金属",
    "endDt": "2017-06-30 00:00:00",
    "pe": -40.771,
    "peTtm": -125.4795,
    "ids": "230000_2017-06-30"
    },
    {
    "kind": 2,
    "induId": 1548000000,
    "induCode": "480000",
    "induName": "银行",
    "endDt": "2017-06-30 00:00:00",
    "pe": 6.7604,
    "peTtm": 6.7199,
    "ids": "480000_2017-06-30"
    },
    {
    "kind": 2,
    "induId": 1535000000,
    "induCode": "350000",
    "induName": "纺织服装",
    "endDt": "2017-06-30 00:00:00",
    "pe": 15.9521,
    "peTtm": 15.4264,
    "ids": "350000_2017-06-30"
    },
    {
    "kind": 2,
    "induId": 1551000000,
    "induCode": "510000",
    "induName": "综合",
    "endDt": "2017-06-30 00:00:00",
    "pe": 16.0896,
    "peTtm": 14.2835,
    "ids": "510000_2017-06-30"
    }
    ],
    "data3": [
    {
    "kind": 2,
    "induId": 1565000000,
    "induCode": "650000",
    "induName": "国防军工",
    "endDt": "2017-03-31 00:00:00",
    "pe": -293.4057,
    "peTtm": -1619.123,
    "ids": "650000_2017-03-31"
    },
    {
    "kind": 2,
    "induId": 1523000000,
    "induCode": "230000",
    "induName": "黑色金属",
    "endDt": "2017-03-31 00:00:00",
    "pe": -12.8888,
    "peTtm": -25.6919,
    "ids": "230000_2017-03-31"
    },
    {
    "kind": 2,
    "induId": 1548000000,
    "induCode": "480000",
    "induName": "银行",
    "endDt": "2017-03-31 00:00:00",
    "pe": 6.356,
    "peTtm": 6.2217,
    "ids": "480000_2017-03-31"
    },
    {
    "kind": 2,
    "induId": 1549000000,
    "induCode": "490000",
    "induName": "非银金融",
    "endDt": "2017-03-31 00:00:00",
    "pe": 13.1867,
    "peTtm": 18.8246,
    "ids": "490000_2017-03-31"
    },
    {
    "kind": 2,
    "induId": 1551000000,
    "induCode": "510000",
    "induName": "综合",
    "endDt": "2017-03-31 00:00:00",
    "pe": 14.054,
    "peTtm": 12.779,
    "ids": "510000_2017-03-31"
    }
    ],
    "data4": [
    {
    "kind": 2,
    "induId": 1565000000,
    "induCode": "650000",
    "induName": "国防军工",
    "endDt": "2016-12-31 00:00:00",
    "pe": -237.9803,
    "peTtm": -289.564,
    "ids": "650000_2016-12-31"
    },
    {
    "kind": 2,
    "induId": 1523000000,
    "induCode": "230000",
    "induName": "黑色金属",
    "endDt": "2016-12-31 00:00:00",
    "pe": -11.603,
    "peTtm": -13.5463,
    "ids": "230000_2016-12-31"
    },
    {
    "kind": 2,
    "induId": 1548000000,
    "induCode": "480000",
    "induName": "银行",
    "endDt": "2016-12-31 00:00:00",
    "pe": 6.1408,
    "peTtm": 6.0555,
    "ids": "480000_2016-12-31"
    },
    {
    "kind": 2,
    "induId": 1549000000,
    "induCode": "490000",
    "induName": "非银金融",
    "endDt": "2016-12-31 00:00:00",
    "pe": 13.3118,
    "peTtm": 19.3757,
    "ids": "490000_2016-12-31"
    },
    {
    "kind": 2,
    "induId": 1562000000,
    "induCode": "620000",
    "induName": "建筑装饰",
    "endDt": "2016-12-31 00:00:00",
    "pe": 16.4769,
    "peTtm": 15.7439,
    "ids": "620000_2016-12-31"
    }
    ],
    "data5": [
    {
    "kind": 2,
    "induId": 1565000000,
    "induCode": "650000",
    "induName": "国防军工",
    "endDt": "2016-09-30 00:00:00",
    "pe": -240.0601,
    "peTtm": -251.7546,
    "ids": "650000_2016-09-30"
    },
    {
    "kind": 2,
    "induId": 1523000000,
    "induCode": "230000",
    "induName": "黑色金属",
    "endDt": "2016-09-30 00:00:00",
    "pe": -10.4901,
    "peTtm": -10.0463,
    "ids": "230000_2016-09-30"
    },
    {
    "kind": 2,
    "induId": 1548000000,
    "induCode": "480000",
    "induName": "银行",
    "endDt": "2016-09-30 00:00:00",
    "pe": 5.9564,
    "peTtm": 5.9101,
    "ids": "480000_2016-09-30"
    },
    {
    "kind": 2,
    "induId": 1549000000,
    "induCode": "490000",
    "induName": "非银金融",
    "endDt": "2016-09-30 00:00:00",
    "pe": 12.6994,
    "peTtm": 14.1117,
    "ids": "490000_2016-09-30"
    },
    {
    "kind": 2,
    "induId": 1562000000,
    "induCode": "620000",
    "induName": "建筑装饰",
    "endDt": "2016-09-30 00:00:00",
    "pe": 14.8439,
    "peTtm": 14.4837,
    "ids": "620000_2016-09-30"
    }
    ],
    "data6": [
    {
    "kind": 2,
    "induId": 1523000000,
    "induCode": "230000",
    "induName": "黑色金属",
    "endDt": "2016-06-30 00:00:00",
    "pe": -33.0455,
    "peTtm": -18.0842,
    "ids": "230000_2016-06-30"
    },
    {
    "kind": 2,
    "induId": 1548000000,
    "induCode": "480000",
    "induName": "银行",
    "endDt": "2016-06-30 00:00:00",
    "pe": 6.0196,
    "peTtm": 5.9754,
    "ids": "480000_2016-06-30"
    },
    {
    "kind": 2,
    "induId": 1533000000,
    "induCode": "330000",
    "induName": "家用电器",
    "endDt": "2016-06-30 00:00:00",
    "pe": 14.6011,
    "peTtm": 14.2859,
    "ids": "330000_2016-06-30"
    },
    {
    "kind": 2,
    "induId": 1549000000,
    "induCode": "490000",
    "induName": "非银金融",
    "endDt": "2016-06-30 00:00:00",
    "pe": 15.0075,
    "peTtm": 13.4487,
    "ids": "490000_2016-06-30"
    },
    {
    "kind": 2,
    "induId": 1551000000,
    "induCode": "510000",
    "induName": "综合",
    "endDt": "2016-06-30 00:00:00",
    "pe": 15.6243,
    "peTtm": 15.6601,
    "ids": "510000_2016-06-30"
    }
    ],
    "data7": [
    {
    "kind": 2,
    "induId": 1548000000,
    "induCode": "480000",
    "induName": "银行",
    "endDt": "2016-03-31 00:00:00",
    "pe": 6.6918,
    "peTtm": 6.5804,
    "ids": "480000_2016-03-31"
    },
    {
    "kind": 2,
    "induId": 1521000000,
    "induCode": "210000",
    "induName": "采掘",
    "endDt": "2016-03-31 00:00:00",
    "pe": 17.0349,
    "peTtm": 49.4922,
    "ids": "210000_2016-03-31"
    },
    {
    "kind": 2,
    "induId": 1533000000,
    "induCode": "330000",
    "induName": "家用电器",
    "endDt": "2016-03-31 00:00:00",
    "pe": 17.5547,
    "peTtm": 16.8129,
    "ids": "330000_2016-03-31"
    },
    {
    "kind": 2,
    "induId": 1562000000,
    "induCode": "620000",
    "induName": "建筑装饰",
    "endDt": "2016-03-31 00:00:00",
    "pe": 21.0366,
    "peTtm": 19.9089,
    "ids": "620000_2016-03-31"
    },
    {
    "kind": 2,
    "induId": 1541000000,
    "induCode": "410000",
    "induName": "公用事业",
    "endDt": "2016-03-31 00:00:00",
    "pe": 22.5613,
    "peTtm": 19.5157,
    "ids": "410000_2016-03-31"
    }
    ],
    "data8": [
    {
    "kind": 2,
    "induId": 1548000000,
    "induCode": "480000",
    "induName": "银行",
    "endDt": "2015-12-31 00:00:00",
    "pe": 6.189,
    "peTtm": 6.1076,
    "ids": "480000_2015-12-31"
    },
    {
    "kind": 2,
    "induId": 1533000000,
    "induCode": "330000",
    "induName": "家用电器",
    "endDt": "2015-12-31 00:00:00",
    "pe": 12.1863,
    "peTtm": 11.3898,
    "ids": "330000_2015-12-31"
    },
    {
    "kind": 2,
    "induId": 1551000000,
    "induCode": "510000",
    "induName": "综合",
    "endDt": "2015-12-31 00:00:00",
    "pe": 12.2276,
    "peTtm": 9.9311,
    "ids": "510000_2015-12-31"
    },
    {
    "kind": 2,
    "induId": 1535000000,
    "induCode": "350000",
    "induName": "纺织服装",
    "endDt": "2015-12-31 00:00:00",
    "pe": 14.4689,
    "peTtm": 12.0595,
    "ids": "350000_2015-12-31"
    },
    {
    "kind": 2,
    "induId": 1545000000,
    "induCode": "450000",
    "induName": "商业贸易",
    "endDt": "2015-12-31 00:00:00",
    "pe": 14.8973,
    "peTtm": 11.5658,
    "ids": "450000_2015-12-31"
    }
    ]
    }